molecule_chembl_id,canonical_smiles,standard_value
CHEMBL199572,CN(C(=O)c1ccc(-c2ccccc2)cc1)c1ccccc1C(=O)O,42600.0
CHEMBL199574,O=C(Nc1ccccc1C(=O)O)c1ccc2cc(Br)ccc2c1,142600.0
CHEMBL372561,CN(C(=O)c1ccc2cc(Br)ccc2c1)c1ccccc1C(=O)O,93400.0
CHEMBL370865,O=C(Nc1ccccc1C(=O)O)c1ccc(-c2ccccc2)cc1,153500.0
CHEMBL199575,CN(C(=O)c1ccc2ccccc2c1)c1ccccc1C(=O)O,200000.0
CHEMBL200536,O=C(Nc1ccccc1C(=O)O)c1ccc2ccccc2c1,200000.0
CHEMBL218467,CCOC(=O)C(=CNc1ccc2sc3ccccc3c2c1)C(=O)OCC,160.0
CHEMBL973,C/C(O)=C(\C#N)C(=O)Nc1ccc(C(F)(F)F)cc1,190100.0
CHEMBL217893,Cc1c(C(=O)Nc2cc(Cl)cc(Cl)c2)cccc1[N+](=O)[O-],230.0
CHEMBL217951,Cc1cc(Br)ccc1NC(=O)c1ccc2ccccc2c1,180.0
CHEMBL217897,CCOC(=O)C(=CNc1cccc(-c2ccccc2)c1)C(=O)OCC,86700.0
CHEMBL387254,CCOC(=O)/C(C#N)=C\Nc1cccc(-c2ccccc2)c1,21300.0
CHEMBL373493,CCOC(=O)C(=CNc1ccc(-c2ccccc2)cc1)C(=O)OCC,500000.0
CHEMBL374338,CCOC(=O)/C(C#N)=C\Nc1ccc(-c2ccccc2)cc1,500000.0
CHEMBL219855,CCOC(=O)C(=CNc1ccc2[nH]cnc2c1)C(=O)OCC,349100.0
CHEMBL413583,CCOC(=O)C(=CNc1ccccc1C)C(=O)OCC,345600.0
CHEMBL219856,CCOC(=O)C(=CNc1ccc(C)cc1)C(=O)OCC,40000.0
CHEMBL435137,CCOC(=O)C(=CNc1ccc2[nH]ncc2c1)C(=O)OCC,27780.0
CHEMBL218703,CCOC(=O)/C(C#N)=C\Nc1ccc2c(c1)c1ccccc1n2CC,440.0
CHEMBL454269,Cc1cc(Nc2ccccc2Cl)n2ncnc2n1,100000.0
CHEMBL473816,Cc1cc(Nc2ccccc2C)n2ncnc2n1,100000.0
CHEMBL475663,Cc1cc(Nc2ccccc2C(F)(F)F)n2ncnc2n1,100000.0
CHEMBL452667,Cc1cc(Nc2ccccc2C#N)n2ncnc2n1,100000.0
CHEMBL514038,Cc1cc(Nc2cccc(F)c2)n2ncnc2n1,9200.0
CHEMBL499296,Cc1cc(Nc2cccc(Cl)c2)n2ncnc2n1,1400.0
CHEMBL475664,Cc1cccc(Nc2cc(C)nc3ncnn23)c1,4900.0
CHEMBL474842,Cc1cc(Nc2cccc(C(F)(F)F)c2)n2ncnc2n1,14000.0
CHEMBL474004,Cc1cc(Nc2ccc(F)cc2)n2ncnc2n1,19000.0
CHEMBL452465,Cc1cc(Nc2ccc(Cl)cc2)n2ncnc2n1,1600.0
CHEMBL492520,Cc1cc(Nc2ccc(Br)cc2)n2ncnc2n1,780.0
CHEMBL492528,Cc1ccc(Nc2cc(C)nc3ncnn23)cc1,4200.0
CHEMBL492529,Cc1cc(Nc2ccc(C(F)(F)F)cc2)n2ncnc2n1,280.0
CHEMBL523669,COc1ccc(Nc2cc(C)nc3ncnn23)cc1,4600.0
CHEMBL492530,Cc1cc(Nc2ccc(OC(F)(F)F)cc2)n2ncnc2n1,1200.0
CHEMBL492336,Cc1cc(Nc2ccc(OC(F)F)cc2)n2ncnc2n1,2800.0
CHEMBL500504,Cc1cc(Nc2ccc([N+](=O)[O-])cc2)n2ncnc2n1,4300.0
CHEMBL522991,Cc1cc(Nc2ccc(-c3ccccc3)cc2)n2ncnc2n1,5300.0
CHEMBL492549,Cc1cc(Nc2ccc(Cc3ccccc3)cc2)n2ncnc2n1,2200.0
CHEMBL506446,Cc1cc(Nc2cccc(F)c2F)n2ncnc2n1,39000.0
CHEMBL451525,Cc1cc(Nc2cc(F)ccc2F)n2ncnc2n1,50000.0
CHEMBL492550,Cc1cc(Nc2c(F)cccc2F)n2ncnc2n1,100000.0
CHEMBL493761,Cc1cc(Nc2ccc(F)c(F)c2F)n2ncnc2n1,29000.0
CHEMBL451417,Cc1cc(Nc2cc(F)c(F)cc2F)n2ncnc2n1,17000.0
CHEMBL523691,Cc1cc(Nc2c(F)cc(F)cc2F)n2ncnc2n1,100000.0
CHEMBL508404,Cc1cc(Nc2c(F)c(F)cc(F)c2F)n2ncnc2n1,100000.0
CHEMBL492497,Cc1cc(Nc2c(F)c(F)c(F)c(F)c2F)n2ncnc2n1,100000.0
CHEMBL502389,Cc1ccc(Nc2cc(C)nc3ncnn23)c(F)c1,27000.0
CHEMBL523163,Cc1cc(Nc2ccc(F)c(F)c2)n2ncnc2n1,8000.0
CHEMBL492695,Cc1cc(Nc2cc(F)cc(F)c2)n2ncnc2n1,9400.0
CHEMBL492711,Cc1cc(Nc2cc(C(F)(F)F)cc(C(F)(F)F)c2)n2ncnc2n1,100000.0
CHEMBL492712,Cc1cc(Nc2ccc(F)c(C)c2)n2ncnc2n1,4600.0
CHEMBL452392,Cc1cc(Nc2ccc(Cl)c(C(F)(F)F)c2)n2ncnc2n1,800.0
CHEMBL13380,Cc1cc(Nc2ccc(Br)c(C(F)(F)F)c2)n2ncnc2n1,450.0
CHEMBL437480,Cc1cc(Nc2ccc(C)c(C(F)(F)F)c2)n2ncnc2n1,1550.0
CHEMBL447995,Cc1cc(Nc2ccc(C)c(C)c2)n2ncnc2n1,350.0
CHEMBL522325,Cc1cc(Nc2ccc(C#N)c(C(F)(F)F)c2)n2ncnc2n1,4900.0
CHEMBL492719,Cc1cc(Nc2ccc(C)c(F)c2)n2ncnc2n1,860.0
CHEMBL492720,Cc1cc(Nc2ccc(C(F)(F)F)c(F)c2)n2ncnc2n1,77.0
CHEMBL444928,Cc1cc(Nc2ccccc2F)n2ncnc2n1,100000.0
CHEMBL475813,Cc1cc(Nc2ccc3ccccc3c2)n2ncnc2n1,47.0
CHEMBL475814,Cc1cc(Nc2ccc3cc4ccccc4cc3c2)n2ncnc2n1,56.0
CHEMBL446825,Cc1cc(Nc2ccccc2)n2ncnc2n1,100000.0
CHEMBL449358,Cc1cc(Nc2cccc3ccccc23)n2ncnc2n1,45000.0
CHEMBL484305,Cc1cc(Nc2ccc3c(=O)cc(C)oc3c2)n2ncnc2n1,2000.0
CHEMBL487518,Cc1cc(Nc2cc3ccccc3cc2O)n2ncnc2n1,330.0
CHEMBL451880,Cc1cc(Nc2ccc3ncccc3c2)n2ncnc2n1,1200.0
CHEMBL503135,Cc1cc(Nc2cnc3ccccc3c2)n2ncnc2n1,1700.0
CHEMBL487517,Cc1cc(Nc2ccc(C(N)=O)cc2)n2ncnc2n1,200000.0
CHEMBL486697,Cc1cc(N(Cc2ccccc2)c2ccc3ccccc3c2)n2ncnc2n1,93000.0
CHEMBL486490,Cc1cc(N(C)c2ccc3ccccc3c2)n2ncnc2n1,3000.0
CHEMBL486489,Cc1nc2ncnn2c(Nc2ccc3ccccc3c2)c1C,160.0
CHEMBL484294,CCc1cc(Nc2ccc3ccccc3c2)n2ncnc2n1,190.0
CHEMBL519836,FC(F)(F)c1cc(Nc2ccc3ccccc3c2)n2ncnc2n1,210.0
CHEMBL1450,O=C1C(O)=C([C@H]2CC[C@H](c3ccc(Cl)cc3)CC2)C(=O)c2ccccc21,10000.0
CHEMBL567597,C[C@@H]1CC[C@H]2[C@@H](C)C(=O)O[C@@H]3O[C@]4(C)CC[C@@H]1[C@]32OO4,10000.0
CHEMBL275638,O=c1cc(-c2ccccc2)oc2ccccc12,10000.0
CHEMBL429023,C=C(C)[C@H]1Cc2c(ccc3c2O[C@@H]2COc4cc(OC)c(OC)cc4[C@@H]2C3=O)O1,10000.0
CHEMBL481680,[Cl-].c1ccc([I+]c2ccccc2)cc1,10000.0
CHEMBL397686,[Cl-].c1ccc2c(c1)[I+]c1ccccc1-2,10000.0
CHEMBL224182,CCCCCCCCCCCCc1cc(=O)c2ccccc2n1O,4000.0
CHEMBL211501,CCCCCC[C@H]1C(=O)O[C@H](C)[C@H](NC(=O)c2cccc(NC=O)c2O)C(=O)O[C@@H](C)[C@@H]1OC(=O)CC(C)C,10000.0
CHEMBL483995,CCOc1cccc(-c2ccc(NC(=O)/C(C#N)=C(/C)O)cc2)c1,182400.0
CHEMBL483994,C/C(O)=C(\C#N)C(=O)Nc1ccc(-c2ccccc2)cc1Cl,51100.0
CHEMBL484531,C/C(O)=C(\C#N)C(=O)Nc1ccc(-c2ccccc2Cl)cc1,47400.0
CHEMBL505315,C/C(O)=C(\C#N)C(=O)Nc1ccc(-c2cccc(Cl)c2Cl)cc1,27200.0
CHEMBL520008,C/C(O)=C(\C#N)C(=O)Nc1ccc(-c2cccc(Cl)c2)c(Cl)c1,236600.0
CHEMBL484780,C/C(O)=C(\C#N)C(=O)Nc1ccc(-c2ccccc2Cl)c(Cl)c1,165000.0
CHEMBL484602,C/C(O)=C(\C#N)C(=O)Nc1ccc(-c2cccc(Cl)c2)cc1C(F)(F)F,57200.0
CHEMBL484595,C/C(O)=C(\C#N)C(=O)Nc1ccc(-c2cccc(Cl)c2)cc1Cl,49100.0
CHEMBL484594,C/C(O)=C(\C#N)C(=O)Nc1ccc(-c2c(Cl)cccc2Cl)cc1Cl,10200.0
CHEMBL520999,C/C(O)=C(\C#N)C(=O)Nc1ccc(-c2cccc(Cl)c2Cl)cc1Cl,9900.0
CHEMBL483161,COc1ccccc1-c1ccc(NC(=O)/C(C#N)=C(/C)O)c(Cl)c1,8600.0
CHEMBL520306,C/C(O)=C(\C#N)C(=O)Nc1ccc(-c2ccccc2Cl)cc1C(F)(F)F,6200.0
CHEMBL483552,C/C(O)=C(\C#N)C(=O)Nc1ccc(-c2ccccc2Cl)cc1Cl,4000.0
CHEMBL142996,N#C/C(C(=O)Nc1ccc(-c2ccccc2)cc1)=C(/O)C1CC1,223600.0
CHEMBL519160,C/C(O)=C(\C#N)C(=O)Nc1ccc(-c2ccccc2)cc1,25700.0
CHEMBL141732,N#C/C(C(=O)Nc1ccc(C(F)(F)F)cc1)=C(/O)C1CC1,92500.0
CHEMBL586157,Cc1cc(Nc2ccc3c(c2)CCC3)n2ncnc2n1,220.0
CHEMBL1784578,Cc1cc(Nc2ccc3c(c2)CCCC3)n2ncnc2n1,64.0
CHEMBL1784577,Cc1cc(Nc2cc(F)c(C(F)(F)F)c(F)c2)n2ncnc2n1,190.0
CHEMBL1784576,Cc1cc(Nc2ccc(C(F)(F)F)c(C(F)(F)F)c2)n2ncnc2n1,540.0
CHEMBL1784575,Cc1cc(Nc2ccc(Cl)c(F)c2)n2ncnc2n1,550.0
CHEMBL1784574,Cc1cc(Nc2ccc(C(C)(C)C)c(F)c2)n2ncnc2n1,35.0
CHEMBL1784573,Cc1cc(Nc2ccc(C(C)(C)C#N)cc2)n2ncnc2n1,1000.0
CHEMBL1784572,Cc1cc(Nc2ccc(OC(C)(C)C)cc2)n2ncnc2n1,44000.0
CHEMBL1784571,Cc1cc(Nc2ccc(NC(C)(C)C)cc2)n2ncnc2n1,50000.0
CHEMBL1784570,Cc1cc(Nc2ccc(N3CCOCC3)cc2)n2ncnc2n1,100000.0
CHEMBL1784569,Cc1cc(Nc2ccc(N3CCCC3)cc2)n2ncnc2n1,3500.0
CHEMBL582694,Cc1cc(Nc2ccc(N(C)C)cc2)n2ncnc2n1,820.0
CHEMBL1784568,Cc1cc(Nc2ccc(OCc3ccccc3)cc2)n2ncnc2n1,5400.0
CHEMBL1784567,Cc1cc(Nc2ccc(S(F)(F)(F)(F)F)cc2)n2ncnc2n1,130.0
CHEMBL1784566,Cc1cc(Nc2ccc(SC(F)(F)F)cc2)n2ncnc2n1,610.0
CHEMBL1784565,Cc1cc(Nc2ccc(CC(F)(F)F)cc2)n2ncnc2n1,2500.0
CHEMBL1784564,C#Cc1ccc(Nc2cc(C)nc3ncnn23)cc1,1100.0
CHEMBL1784563,C=Cc1ccc(Nc2cc(C)nc3ncnn23)cc1,800.0
CHEMBL1784562,Cc1cc(Nc2ccc(C3CC3)cc2)n2ncnc2n1,420.0
CHEMBL1784561,Cc1cc(Nc2ccc(C(C)(C)C)cc2)n2ncnc2n1,78.0
CHEMBL600255,Cc1cc(Nc2ccc(C(C)C)cc2)n2ncnc2n1,220.0
CHEMBL1784560,CCCCCCCCc1ccc(Nc2cc(C)nc3ncnn23)cc1,50000.0
CHEMBL1784559,CCCCCCCc1ccc(Nc2cc(C)nc3ncnn23)cc1,24000.0
CHEMBL1784558,CCCCCCc1ccc(Nc2cc(C)nc3ncnn23)cc1,4200.0
CHEMBL1784557,CCCCCc1ccc(Nc2cc(C)nc3ncnn23)cc1,820.0
CHEMBL1784556,CCCCc1ccc(Nc2cc(C)nc3ncnn23)cc1,280.0
CHEMBL1784555,CCCc1ccc(Nc2cc(C)nc3ncnn23)cc1,990.0
CHEMBL1714424,CCc1ccc(Nc2cc(C)nc3ncnn23)cc1,610.0
CHEMBL1784579,Cc1cc(Nc2ccc3c(c2)OCO3)n2ncnc2n1,1600.0
CHEMBL1784580,Cc1cc(Nc2ccc3sccc3c2)n2ncnc2n1,90.0
CHEMBL1784581,Cc1cc(Nc2ccc3[nH]c(C(F)(F)F)nc3c2)n2ncnc2n1,21000.0
CHEMBL1784589,Cc1cc(NC2Cc3ccccc3C2)n2ncnc2n1,500.0
CHEMBL1784593,Cc1cc(NC2CCc3ccccc3C2)n2ncnc2n1,540.0
CHEMBL1784590,Cc1cc(NC2Cc3ccc(F)cc3C2)n2ncnc2n1,610.0
CHEMBL1784594,Cc1cc(NC2CCc3cc(F)ccc3C2)n2ncnc2n1,630.0
CHEMBL1784595,Cc1cc(NC2CCc3cc(Cl)ccc3C2)n2ncnc2n1,670.0
CHEMBL1784591,Cc1cc(NC2Cc3ccc(Br)cc3C2)n2ncnc2n1,1200.0
CHEMBL1784592,COc1cc2c(cc1OC)CC(Nc1cc(C)nc3ncnn13)C2,4600.0
CHEMBL1784710,CCCCCCCNc1cc(C)nc2ncnn12,8600.0
CHEMBL1784708,Cc1cc(NCCc2ccccc2)n2ncnc2n1,15000.0
CHEMBL1784709,Cc1cc(NCCCc2ccccc2)n2ncnc2n1,26000.0
CHEMBL1784588,Cc1cc(NC2CCCCCCCCCCC2)n2ncnc2n1,58000.0
CHEMBL1784582,Cc1cc(NC2CC2)n2ncnc2n1,100000.0
CHEMBL1784583,Cc1cc(NC2CCC2)n2ncnc2n1,100000.0
CHEMBL1784584,Cc1cc(NC2CCCC2)n2ncnc2n1,100000.0
CHEMBL1784585,Cc1cc(NC2CCCCC2)n2ncnc2n1,100000.0
CHEMBL1784586,Cc1cc(NC2CCCCCC2)n2ncnc2n1,100000.0
CHEMBL1784587,Cc1cc(NC2CCCCCCC2)n2ncnc2n1,100000.0
CHEMBL1784596,Cc1cc(NOc2ccccc2)n2ncnc2n1,100000.0
CHEMBL1529387,Cc1cc(NCc2ccccc2)n2ncnc2n1,100000.0
CHEMBL1784706,Cc1cc(NCc2ccc(F)cc2)n2ncnc2n1,100000.0
CHEMBL1784707,Cc1cc(NCc2ccc(C(F)(F)F)cc2)n2ncnc2n1,100000.0
CHEMBL1784711,CCc1cc(Nc2ccc(C(F)(F)F)cc2)n2ncnc2n1,780.0
CHEMBL1784712,FC(F)(F)c1ccc(Nc2cc(C(F)(F)F)nc3ncnn23)cc1,1700.0
CHEMBL1784713,FC(F)(F)c1ccc(Nc2cc(Cl)nc3ncnn23)cc1,170.0
CHEMBL1784714,CCc1c(C)nc2ncnn2c1Nc1ccc(C(C)C)cc1,1700.0
CHEMBL1784715,CCc1c(C)nc2ncnn2c1Nc1ccc(OC(F)(F)F)cc1,3200.0
CHEMBL1784716,CCCc1c(C)nc2ncnn2c1Nc1ccc(C)cc1,100000.0
CHEMBL1784717,Cc1ccc(Nc2c3c(nc4ncnn24)CCC3)cc1F,1400.0
CHEMBL1956499,Cc1cc(Nc2ccc(C(F)(F)F)cc2)n2nc(CCO)nc2n1,930.0
CHEMBL1956498,Cc1cc(Nc2cccc(Cl)c2)n2nc(CO)nc2n1,6100.0
CHEMBL1956497,Cc1cc(Nc2ccc(Cl)cc2)n2nc(CO)nc2n1,5300.0
CHEMBL1956496,Cc1cc(Nc2ccc(Cl)cc2)n2nc(CCN)nc2n1,10000.0
CHEMBL1956495,CNCc1nc2nc(C)cc(Nc3cccc(Cl)c3)n2n1,10000.0
CHEMBL1956494,Cc1cc(Nc2cccc(Cl)c2)n2nc(CN)nc2n1,10000.0
CHEMBL1956493,Cc1cc(Nc2cccc(Cl)c2)n2nc(CN(C)C)nc2n1,10000.0
CHEMBL1956492,CNCCc1nc2nc(C)cc(Nc3cccc(Cl)c3)n2n1,10000.0
CHEMBL1956491,Cc1cc(Nc2ccc(Cl)cc2)n2nc(CN(C)C)nc2n1,10000.0
CHEMBL1956490,CNCc1nc2nc(C)cc(Nc3ccc(Cl)cc3)n2n1,10000.0
CHEMBL1956489,Cc1cc(Nc2ccc(Cl)cc2)n2nc(CN)nc2n1,10000.0
CHEMBL1956488,CNCCc1nc2nc(C)cc(Nc3ccc(Cl)cc3)n2n1,10000.0
CHEMBL1956487,Cc1cc(Nc2cccc(Cl)c2)n2[nH]c(=O)nc2n1,10000.0
CHEMBL1956486,Cc1cc(Nc2ccc(Cl)cc2)n2[nH]c(=O)nc2n1,10000.0
CHEMBL1956485,Cc1cc(Nc2ccc(Cl)cc2)n2nc(OCCN)nc2n1,10000.0
CHEMBL1956484,Cc1cc(Nc2ccc(C(F)(F)F)cc2)n2nc(OCCN)nc2n1,10000.0
CHEMBL1956483,Cc1cc(Nc2cccc(Cl)c2)n2nc(OCCN)nc2n1,10000.0
CHEMBL1956482,Cc1cc(Nc2ccc(S(F)(F)(F)(F)F)cc2)n2nc(OCCN(C)C)nc2n1,10000.0
CHEMBL1956481,Cc1cc(Nc2ccc(C(F)(F)F)cc2)n2nc(OCCN(C)C)nc2n1,10000.0
CHEMBL1956480,Cc1cc(Nc2cccc(Cl)c2)n2nc(OCCN(C)C)nc2n1,10000.0
CHEMBL1956479,Cc1cc(Nc2ccc(Cl)cc2)n2nc(OCCN(C)C)nc2n1,10000.0
CHEMBL1955872,CNCCOc1nc2nc(C)cc(Nc3ccc(S(F)(F)(F)(F)F)cc3)n2n1,10000.0
CHEMBL1956478,CNCCOc1nc2nc(C)cc(Nc3ccc(C(F)(F)F)cc3)n2n1,10000.0
CHEMBL1956477,CNCCOc1nc2nc(C)cc(Nc3cccc(Cl)c3)n2n1,10000.0
CHEMBL1956476,CNCCOc1nc2nc(C)cc(Nc3ccc(Cl)cc3)n2n1,10000.0
CHEMBL1956475,COCCOc1nc2nc(C)cc(Nc3cccc(Cl)c3)n2n1,4900.0
CHEMBL1956474,COCCOc1nc2nc(C)cc(Nc3ccc(Cl)cc3)n2n1,10000.0
CHEMBL1956473,CCOc1nc2nc(C)cc(Nc3ccc(S(F)(F)(F)(F)F)cc3)n2n1,57.0
CHEMBL1956472,CCOc1nc2nc(C)cc(Nc3ccc(C(F)(F)F)cc3)n2n1,56.0
CHEMBL1956471,CCOc1nc2nc(C)cc(Nc3ccc(Cl)cc3)n2n1,270.0
CHEMBL1956470,CCOc1nc2nc(C)cc(Nc3cccc(Cl)c3)n2n1,400.0
CHEMBL1956469,COc1nc2nc(C)cc(Nc3ccc(Cl)cc3)n2n1,460.0
CHEMBL1956468,COc1nc2nc(C)cc(Nc3cccc(Cl)c3)n2n1,500.0
CHEMBL1956467,Cc1cc(Nc2ccc(S(F)(F)(F)(F)F)cc2)n2nc(S(C)(=O)=O)nc2n1,110.0
CHEMBL1956466,Cc1cc(Nc2ccc(C(F)(F)F)cc2)n2nc(S(C)(=O)=O)nc2n1,90.0
CHEMBL1956305,Cc1cc(Nc2cccc(Cl)c2)n2nc(S(C)(=O)=O)nc2n1,160.0
CHEMBL1956304,Cc1cc(Nc2ccc(Cl)cc2)n2nc(S(C)(=O)=O)nc2n1,45.0
CHEMBL1956303,CSc1nc2nc(C)cc(Nc3ccc(S(F)(F)(F)(F)F)cc3)n2n1,30.0
CHEMBL1956302,CSc1nc2nc(C)cc(Nc3ccc(C(F)(F)F)cc3)n2n1,36.0
CHEMBL1956301,CSc1nc2nc(C)cc(Nc3cccc(Cl)c3)n2n1,26.0
CHEMBL1956300,CSc1nc2nc(C)cc(Nc3ccc(Cl)cc3)n2n1,30.0
CHEMBL1956299,COCCc1nc2nc(C)cc(Nc3ccc(S(F)(F)(F)(F)F)cc3)n2n1,2500.0
CHEMBL1956298,COCCc1nc2nc(C)cc(Nc3ccc(C(F)(F)F)cc3)n2n1,2500.0
CHEMBL1956297,COCCc1nc2nc(C)cc(Nc3cccc(Cl)c3)n2n1,10000.0
CHEMBL1956296,COCCc1nc2nc(C)cc(Nc3ccc(Cl)cc3)n2n1,10000.0
CHEMBL1956295,COCc1nc2nc(C)cc(Nc3ccc(S(F)(F)(F)(F)F)cc3)n2n1,390.0
CHEMBL1956294,COCc1nc2nc(C)cc(Nc3ccc(C(F)(F)F)cc3)n2n1,410.0
CHEMBL1956293,COCc1nc2nc(C)cc(Nc3cccc(Cl)c3)n2n1,1700.0
CHEMBL1956292,COCc1nc2nc(C)cc(Nc3ccc(Cl)cc3)n2n1,2200.0
CHEMBL1956291,Cc1cc(Nc2ccc(S(F)(F)(F)(F)F)cc2)n2nc(C(F)(F)F)nc2n1,30.0
CHEMBL1956290,Cc1cc(Nc2ccc(C(F)(F)F)cc2)n2nc(C(F)(F)F)nc2n1,35.0
CHEMBL1956289,CCC(F)(F)c1nc2nc(C)cc(Nc3ccc(S(F)(F)(F)(F)F)cc3)n2n1,75.0
CHEMBL1956288,CCC(F)(F)c1nc2nc(C)cc(Nc3ccc(C(F)(F)F)cc3)n2n1,19.0
CHEMBL1956287,CCC(F)(F)c1nc2nc(C)cc(Nc3cccc(Cl)c3)n2n1,30.0
CHEMBL1956286,CCC(F)(F)c1nc2nc(C)cc(Nc3ccc(Cl)cc3)n2n1,34.0
CHEMBL1956285,Cc1cc(Nc2ccc(S(F)(F)(F)(F)F)cc2)n2nc(C(C)(F)F)nc2n1,33.0
CHEMBL1738786,Cc1cc(Nc2ccc(C(F)(F)F)cc2)n2nc(C(C)(F)F)nc2n1,38.0
CHEMBL1956284,Cc1cc(Nc2cccc(Cl)c2)n2nc(C(C)(F)F)nc2n1,54.0
CHEMBL1956283,Cc1cc(Nc2ccc(Cl)cc2)n2nc(C(C)(F)F)nc2n1,38.0
CHEMBL1956282,Cc1cc(Nc2ccc(S(F)(F)(F)(F)F)cc2)n2nc(CC3CC3)nc2n1,5700.0
CHEMBL1956281,Cc1cc(Nc2ccc(C(F)(F)F)cc2)n2nc(CC3CC3)nc2n1,1700.0
CHEMBL1955870,Cc1cc(Nc2cccc(Cl)c2)n2nc(CC3CC3)nc2n1,10000.0
CHEMBL1956280,Cc1cc(Nc2ccc(Cl)cc2)n2nc(CC3CC3)nc2n1,12000.0
CHEMBL1956279,Cc1cc(Nc2ccc(S(F)(F)(F)(F)F)cc2)n2nc(C3CC3)nc2n1,93.0
CHEMBL1956278,Cc1cc(Nc2ccc(C(F)(F)F)cc2)n2nc(C3CC3)nc2n1,140.0
CHEMBL1956277,Cc1cc(Nc2cccc(Cl)c2)n2nc(C3CC3)nc2n1,820.0
CHEMBL1956276,Cc1cc(Nc2ccc(Cl)cc2)n2nc(C3CC3)nc2n1,880.0
CHEMBL1956275,CCC(C)c1nc2nc(C)cc(Nc3ccc(S(F)(F)(F)(F)F)cc3)n2n1,330.0
CHEMBL1956274,CCC(C)c1nc2nc(C)cc(Nc3ccc(C(F)(F)F)cc3)n2n1,380.0
CHEMBL1956273,Cc1cc(Nc2ccc(S(F)(F)(F)(F)F)cc2)n2nc(C(C)(C)C)nc2n1,550.0
CHEMBL1956272,Cc1cc(Nc2ccc(C(F)(F)F)cc2)n2nc(C(C)(C)C)nc2n1,460.0
CHEMBL1956271,Cc1cc(Nc2ccc(S(F)(F)(F)(F)F)cc2)n2nc(CC(C)C)nc2n1,10000.0
CHEMBL1956270,Cc1cc(Nc2ccc(C(F)(F)F)cc2)n2nc(CC(C)C)nc2n1,2000.0
CHEMBL1956261,Cc1cc(Nc2cccc(Cl)c2)n2nc(CC(C)C)nc2n1,10000.0
CHEMBL1956260,Cc1cc(Nc2ccc(Cl)cc2)n2nc(CC(C)C)nc2n1,10000.0
CHEMBL1956269,Cc1cc(Nc2ccc(S(F)(F)(F)(F)F)cc2)n2nc(C(C)C)nc2n1,100.0
CHEMBL1956268,Cc1cc(Nc2ccc(C(F)(F)F)cc2)n2nc(C(C)C)nc2n1,110.0
CHEMBL1956267,Cc1cc(Nc2cccc(Cl)c2)n2nc(C(C)C)nc2n1,120.0
CHEMBL1956266,Cc1cc(Nc2ccc(Cl)cc2)n2nc(C(C)C)nc2n1,330.0
CHEMBL1956265,CCc1nc2nc(C)cc(Nc3ccc(S(F)(F)(F)(F)F)cc3)n2n1,150.0
CHEMBL1956264,CCc1nc2nc(C)cc(Nc3ccc(C(F)(F)F)cc3)n2n1,87.0
CHEMBL1956263,CCc1nc2nc(C)cc(Nc3cccc(Cl)c3)n2n1,240.0
CHEMBL1956262,CCc1nc2nc(C)cc(Nc3ccc(Cl)cc3)n2n1,280.0
CHEMBL2012819,NC(=O)c1ccc(-n2cnc3ccccc32)s1,30000.0
CHEMBL2012820,CNC(=O)c1ccc(-n2cnc3ccccc32)s1,1080.0
CHEMBL2012821,CCNC(=O)c1ccc(-n2cnc3ccccc32)s1,140.0
CHEMBL2012822,CCCNC(=O)c1ccc(-n2cnc3ccccc32)s1,700.0
CHEMBL2012823,CC(C)NC(=O)c1ccc(-n2cnc3ccccc32)s1,680.0
CHEMBL2012824,O=C(NC1CC1)c1ccc(-n2cnc3ccccc32)s1,60.0
CHEMBL2012825,O=C(NC1CCC1)c1ccc(-n2cnc3ccccc32)s1,420.0
CHEMBL2012826,CCCCNC(=O)c1ccc(-n2cnc3ccccc32)s1,28600.0
CHEMBL2012827,O=C(NC1CCCC1)c1ccc(-n2cnc3ccccc32)s1,2510.0
CHEMBL2012828,CN(C)C(=O)c1ccc(-n2cnc3ccccc32)s1,30000.0
CHEMBL2012829,Cc1nc2ccccc2n1-c1ccc(C(=O)NC2CC2)s1,80.0
CHEMBL2012830,CCc1nc2ccccc2n1-c1ccc(C(=O)NC2CC2)s1,110.0
CHEMBL2012831,CCCc1nc2ccccc2n1-c1ccc(C(=O)NC2CC2)s1,180.0
CHEMBL2012940,O=C(NC1CC1)c1ccc(-n2c(=O)[nH]c3ccccc32)s1,30000.0
CHEMBL2012941,O=C(NC1CC1)c1ccc(-n2c(C(F)(F)F)nc3ccccc32)s1,570.0
CHEMBL2012942,CN(C)c1nc2ccccc2n1-c1ccc(C(=O)NC2CC2)s1,5600.0
CHEMBL2012943,Cc1cccc2c1nc(C)n2-c1ccc(C(=O)NC2CC2)s1,39.0
CHEMBL2012944,Cc1ccc2c(c1)nc(C)n2-c1ccc(C(=O)NC2CC2)s1,56.0
CHEMBL2012945,Cc1ccc2nc(C)n(-c3ccc(C(=O)NC4CC4)s3)c2c1,56.0
CHEMBL2012946,Cc1cccc2nc(C)n(-c3ccc(C(=O)NC4CC4)s3)c12,609.0
CHEMBL1234899,Cc1nc2cc(OC(F)(F)F)ccc2n1-c1ccc(C(=O)NC2CC2)s1,22.0
CHEMBL2012947,Cc1nc2ccc(OC(F)(F)F)cc2n1-c1ccc(C(=O)NC2CC2)s1,52.0
CHEMBL2012948,Cc1nc2cc(C(F)(F)F)ccc2n1-c1ccc(C(=O)NC2CC2)s1,28.0
CHEMBL2012949,Cc1nc2ccc(C(F)(F)F)cc2n1-c1ccc(C(=O)NC2CC2)s1,92.0
CHEMBL2012950,COc1cccc2c1nc(C)n2-c1ccc(C(=O)NC2CC2)s1,162.0
CHEMBL2012951,Cc1nc2c(OC(F)F)cccc2n1-c1ccc(C(=O)NC2CC2)s1,44.0
CHEMBL2012952,Cc1nc2c(OCCF)cccc2n1-c1ccc(C(=O)NC2CC2)s1,28.0
CHEMBL2012953,Cc1nc2c(F)cccc2n1-c1ccc(C(=O)NC2CC2)s1,34.0
CHEMBL2012954,Cc1nc2ccc(F)cc2n1-c1ccc(C(=O)NC2CC2)s1,111.0
CHEMBL2012955,Cc1nc2c(Cl)cccc2n1-c1ccc(C(=O)NC2CC2)s1,21.0
CHEMBL2012956,Cc1nc2cc(Cl)ccc2n1-c1ccc(C(=O)NC2CC2)s1,49.0
CHEMBL2012957,Cc1nc2c(Br)cccc2n1-c1ccc(C(=O)NC2CC2)s1,21.0
CHEMBL2012958,Cc1nc2c(C#N)cccc2n1-c1ccc(C(=O)NC2CC2)s1,40.0
CHEMBL2012959,Cc1nc2c(N(C)C)cccc2n1-c1ccc(C(=O)NC2CC2)s1,181.0
CHEMBL2012960,Cc1cc(F)c2nc(C)n(-c3ccc(C(=O)NC4CC4)s3)c2c1,32.0
CHEMBL2012961,Cc1cc(F)c2ncn(-c3ccc(C(=O)NC4CC4)s3)c2c1,17.0
CHEMBL2012962,Cc1nc2c(Cl)cc(F)cc2n1-c1ccc(C(=O)NC2CC2)s1,25.0
CHEMBL2012963,O=C(NC1CC1)c1ccc(-n2cnc3c(Cl)cc(F)cc32)s1,35.0
CHEMBL2012964,Cc1cc(F)c2c(c1)ncn2-c1ccc(C(=O)NC2CC2)s1,95.0
CHEMBL2012965,O=C(NC1CC1)c1ccc(-n2cnc3cc(C(F)(F)F)ccc32)s1,19.0
CHEMBL2012966,O=C(NC1CC1)c1ccc(-n2cnc3c(F)cccc32)s1,62.0
CHEMBL2047243,Nc1nc2c(c(Nc3ccccc3)n1)-c1ccccc1C2,200000.0
CHEMBL2047246,Nc1nc2c(c(Nc3cccc(F)c3)n1)-c1ccccc1C2,200000.0
CHEMBL2047247,Nc1nc2c(c(Nc3ccc(Cl)cc3)n1)-c1ccccc1C2,200000.0
CHEMBL2047248,Nc1nc2c(c(Nc3cccc(Br)c3)n1)-c1ccccc1C2,200000.0
CHEMBL2047251,COc1cccc(Nc2nc(N)nc3c2-c2ccccc2C3)c1,200000.0
CHEMBL2047253,Nc1nc2c(c(Nc3ccc(Cl)cc3F)n1)-c1ccccc1C2,200000.0
CHEMBL2172226,Cc1cc(Nc2ccc(C(F)(F)F)cc2)n2ccnc2n1,77.0
CHEMBL2172229,Cc1nc(Nc2n[nH]cc2C#N)c2nc[nH]c2n1,100000.0
CHEMBL2172228,Cc1nc(Nc2ccc3ncccc3c2)c2nc[nH]c2n1,25000.0
CHEMBL2172227,Cc1nc(Nc2cnc3ccccc3c2)c2nc[nH]c2n1,27000.0
CHEMBL2172230,Cc1nc(Nc2ccc3cc4ccccc4cc3c2)c2nc[nH]c2n1,4800.0
CHEMBL2172231,Cc1cc(Nc2ccc3ccccc3c2)c2nncn2n1,50000.0
CHEMBL2172232,Cc1nc(Nc2ccc3ccccc3c2)c2cn[nH]c2n1,100000.0
CHEMBL2172233,Cc1nc(Nc2ccc3ccccc3c2)c2nc[nH]c2n1,440.0
CHEMBL2172234,Cc1cc(Nc2ccc3ccccc3c2)n2nccc2n1,400.0
CHEMBL2172235,Cc1cc(Nc2ccc3ccccc3c2)n2ncnc2c1,4800.0
CHEMBL2172236,Cc1cc(Nc2ccc3ccccc3c2)n2ccnc2n1,150.0
CHEMBL2172237,Cc1cc(NC(=O)c2ccc(C(F)(F)F)cc2)n2ncnc2n1,100000.0
CHEMBL2172238,Cc1cc(NC(=O)c2ccccc2)n2ncnc2n1,100000.0
CHEMBL2170881,CCOC(=O)c1c(-c2ccc3c(c2)OCO3)[nH]c2cc(OC)c(F)cc2c1=O,30000.0
CHEMBL2170884,CCOC(=O)c1c(-c2cccc(Oc3ccccc3)c2)[nH]c2cc(OC)c(F)cc2c1=O,30000.0
CHEMBL2170887,CCOC(=O)c1c(-c2cccc(Cl)c2)[nH]c2cc(OC)c(F)cc2c1=O,30000.0
CHEMBL1093727,CCOC(=O)c1c(-c2cccc(F)c2)[nH]c2cc(OC)ccc2c1=O,30000.0
CHEMBL222556,O=c1cc(-c2ccc(O)c(O)c2)oc2ccccc12,9480.0
CHEMBL2178109,O=C(Nc1nc2ccccc2s1)c1ccc(Cl)cc1Cl,4670.0
CHEMBL2178105,O=C(Nc1nc2ccccc2s1)c1cccc(C(Cl)(Cl)Cl)c1,1930.0
CHEMBL2178108,CC(=O)c1sc(Nc2ccc(C)c(Cl)c2)nc1C,760.0
CHEMBL2178512,Cc1cc(NCc2ccccc2)n2nc(SCc3ccccc3)nc2n1,100000.0
CHEMBL2178511,Cc1cc(N)n2nc(SCc3ccc(Cl)c(Cl)c3)nc2n1,100000.0
CHEMBL2177862,Cc1cc(N)n2nc(SCc3ccccc3)nc2n1,100000.0
CHEMBL2177861,CCc1cc(O)n2nc(SCc3cc(Cl)ccc3Cl)nc2n1,100000.0
CHEMBL2177860,CCc1cc(O)n2nc(SCc3ccc(Cl)cc3)nc2n1,100000.0
CHEMBL2177859,Cc1cc(C)cc(CSc2nc3nc(C)cc(O)n3n2)c1,19000.0
CHEMBL2177858,Cc1cc(O)n2nc(SCc3cc(Cl)ccc3Cl)nc2n1,11000.0
CHEMBL2177857,Cc1cc(O)n2nc(SCc3c(Cl)cccc3Cl)nc2n1,3500.0
CHEMBL2177856,Cc1cc(O)n2nc(SCc3ccc(Cl)c(Cl)c3)nc2n1,1900.0
CHEMBL135703,Cc1cc(O)n2nc(SCc3ccccc3)nc2n1,62000.0
CHEMBL2177855,Cc1cc(O)n2nc(SCc3ccccc3[N+](=O)[O-])nc2n1,100000.0
CHEMBL2177854,COc1ccc(CSc2nc3nc(C)cc(O)n3n2)cc1,21000.0
CHEMBL2177853,Cc1cc(O)n2nc(SCc3ccc(Br)cc3)nc2n1,33000.0
CHEMBL2178514,Cc1ccc(CSc2nc3nc(C)cc(O)n3n2)cc1,26000.0
CHEMBL2178513,Cc1cc(O)n2nc(SCc3cccc(Cl)c3)nc2n1,5600.0
CHEMBL1599552,Cc1cc(O)n2nc(SCc3ccccc3Cl)nc2n1,28000.0
CHEMBL1704856,Cc1cc(O)n2nc(SCc3ccc(Cl)cc3)nc2n1,1000.0
CHEMBL141195,N#C/C(C(=O)Nc1ccc(C#N)cc1)=C(/O)C1CC1,707945.78
CHEMBL344556,N#C/C(C(=O)Nc1ccc([N+](=O)[O-])cc1)=C(/O)C1CC1,537031.8
CHEMBL141040,Cc1ccc(NC(=O)/C(C#N)=C(\O)C2CC2)cc1,870963.59
CHEMBL2234192,O=C(Nc1ccc(Cl)cc1)Nc1cccc2cccnc12,549.54
CHEMBL2234191,COc1ccccc1NC(=O)Nc1cccc2ccccc12,251.19
CHEMBL1331783,O=C(Nc1ccccc1C(F)(F)F)Nc1cccc2ccccc12,199.53
CHEMBL2234190,Cc1cccc(NC(=O)c2cccc([N+](=O)[O-])c2C)c1,302.0
CHEMBL2234189,Cc1c(C(=O)Nc2ccc(Cl)c(Cl)c2)cccc1[N+](=O)[O-],251.19
CHEMBL2234188,Cc1c(C(=O)Nc2cccc3ccccc23)cccc1[N+](=O)[O-],100.0
CHEMBL2234187,Cc1c(C(=O)Nc2ccc(F)c(F)c2)cccc1[N+](=O)[O-],151.36
CHEMBL2234186,Cc1c(C(=O)Nc2ccc(F)c(Cl)c2)cccc1[N+](=O)[O-],100.0
CHEMBL2234185,Cc1c(C(=O)Nc2cccc(Br)c2)cccc1[N+](=O)[O-],100.0
CHEMBL2234184,O=C(Nc1ccccc1F)c1ccc2ccccc2c1,251.19
CHEMBL2234183,Cc1ccc(NC(=O)c2ccc3ccccc3c2)c(Cl)c1,151.36
CHEMBL2234182,O=C(Nc1ccc(Cl)cc1Cl)c1ccc2ccccc2c1,100.0
CHEMBL2431502,CCOC(=O)C1=C(Nc2ccc(C(F)(F)F)cc2)OCC1=O,142.0
CHEMBL2431501,CCOC(=O)C1=C(Nc2ccc(S(F)(F)(F)(F)F)cc2)OCC1=O,168.0
CHEMBL2431500,CCOC(=O)C1=C(Nc2ccc3c(c2)CCC3)OCC1=O,65.0
CHEMBL2431499,CCOC(=O)C1=C(Nc2ccc3c(c2)CCCC3)OCC1=O,18.0
CHEMBL2431498,CCOC(=O)C1=C(Nc2cnc3ccccc3c2)OCC1=O,79.0
CHEMBL2431497,CCOC(=O)C1=C(Nc2ccc(C)c(C)c2)OCC1=O,698.0
CHEMBL2431496,CCOC(=O)C1=C(Nc2ccc3ccccc3c2)OCC1=O,6.0
CHEMBL2431495,O=C1CSC(Nc2ccc3ccccc3c2)=C1C(=O)NCC1CC1,50000.0
CHEMBL2431494,O=C1CSC(Nc2ccc3ccccc3c2)=C1C(=O)NC1CC1,13210.0
CHEMBL2431493,CCCCNC(=O)C1=C(Nc2ccc3ccccc3c2)SCC1=O,50000.0
CHEMBL2431492,CCCNC(=O)C1=C(Nc2ccc3ccccc3c2)SCC1=O,50000.0
CHEMBL2431491,CCNC(=O)C1=C(Nc2ccc3ccccc3c2)SCC1=O,12061.0
CHEMBL2431490,CCCCOC(=O)C1=C(Nc2ccc3ccccc3c2)SCC1=O,35572.0
CHEMBL2431489,CCCOC(=O)C1=C(Nc2ccc3ccccc3c2)SCC1=O,951.0
CHEMBL2431488,COC(=O)C1=C(Nc2ccc3ccccc3c2)SCC1=O,33.0
CHEMBL2431487,Cc1ccc(NC2=C(C(=O)NCC3CC3)C(=O)CS2)cc1C,3662.0
CHEMBL2431486,Cc1ccc(NC2=C(C(=O)NC3CC3)C(=O)CS2)cc1C,19114.0
CHEMBL2431485,CCCCNC(=O)C1=C(Nc2ccc(C)c(C)c2)SCC1=O,5733.0
CHEMBL2431484,CCCNC(=O)C1=C(Nc2ccc(C)c(C)c2)SCC1=O,4633.0
CHEMBL2431483,CCNC(=O)C1=C(Nc2ccc(C)c(C)c2)SCC1=O,39450.0
CHEMBL2431482,Cc1ccc(NC2=C(C(N)=O)C(=O)CS2)cc1C,50000.0
CHEMBL2431481,Cc1ccc(NC2=C(C(=O)OCC3CC3)C(=O)CS2)cc1C,4159.0
CHEMBL2431480,CCCCOC(=O)C1=C(Nc2ccc(C)c(C)c2)SCC1=O,2350.0
CHEMBL2431523,CCCOC(=O)C1=C(Nc2ccc(C)c(C)c2)SCC1=O,4032.0
CHEMBL2431522,COC(=O)C1=C(Nc2ccc(C)c(C)c2)SCC1=O,1486.0
CHEMBL2431521,O=C(O)C1=C(Nc2ccc3ccccc3c2)SCC1=O,1238.0
CHEMBL2431520,Cc1ccc(NC2=C(C(=O)O)C(=O)CS2)cc1C,50000.0
CHEMBL2431519,Cc1ccc(NC2=CC(=O)CS2)cc1C,11441.0
CHEMBL2431518,CCOC(=O)C1=C(Nc2ccc3c(c2)c2ccccc2n3CC)SCC1=O,392.0
CHEMBL2431517,CCOC(=O)C1=C(Nc2ccc3cc4ccccc4cc3c2)SCC1=O,197.0
CHEMBL2431516,CCOC(=O)C1=C(Nc2ccc3c(c2)CCC3)SCC1=O,851.0
CHEMBL2431515,CCOC(=O)C1=C(Nc2ccc3ccccc3c2)SCC1=O,20.0
CHEMBL2431514,CCOC(=O)C1=C(Nc2cnc3ccccc3c2)SCC1=O,351.0
CHEMBL2431513,CCOC(=O)C1=C(Nc2ccc3c(c2)CCCC3)SCC1=O,92.0
CHEMBL2431512,CCOC(=O)C1=C(Nc2ccc(Br)cc2C)SCC1=O,50000.0
CHEMBL2431511,CCOC(=O)C1=C(Nc2ccc(C)c(F)c2)SCC1=O,536.0
CHEMBL2431510,CCOC(=O)C1=C(Nc2ccc(C)c(C)c2)SCC1=O,256.0
CHEMBL2431509,CCOC(=O)C1=C(Nc2cc(Cl)cc(Cl)c2)SCC1=O,1188.0
CHEMBL2431508,CCOC(=O)C1=C(Nc2cccc(C(F)(F)F)c2)SCC1=O,50000.0
CHEMBL2431507,CCOC(=O)C1=C(Nc2ccc(Br)c(C(F)(F)F)c2)SCC1=O,1615.0
CHEMBL2431506,CCOC(=O)C1=C(Nc2ccc(Cl)c(C(F)(F)F)c2)SCC1=O,751.0
CHEMBL2431505,CCOC(=O)C1=C(Nc2ccc(C(C)(C)C)cc2)SCC1=O,227.0
CHEMBL2431504,CCOC(=O)C1=C(Nc2ccc(S(F)(F)(F)(F)F)cc2)SCC1=O,559.0
CHEMBL2431503,CCOC(=O)C1=C(Nc2ccc(C(F)(F)F)cc2)SCC1=O,367.0
CHEMBL1334527,CCOC(=O)C1=C(Nc2ccccc2)SCC1=O,50000.0
CHEMBL1732938,CCOC(=O)C1=C(Nc2ccc(Cl)cc2)SCC1=O,1113.0
CHEMBL3218512,O=C(NCC(c1ccccc1)c1ccccc1)c1ccccc1O,21200.0
CHEMBL3218515,O=C(NCC(c1ccccc1)c1ccccc1)c1cccc(Cl)c1O,44100.0
CHEMBL3218516,O=C(NCC(c1ccccc1)c1ccccc1)c1ccc(Cl)cc1O,10300.0
CHEMBL3218517,O=C(NCC(c1ccccc1)c1ccccc1)c1cc(Cl)ccc1O,9100.0
CHEMBL3218518,O=C(NCC(c1ccccc1)c1ccccc1)c1cc(Cl)cc(Cl)c1O,7000.0
CHEMBL3218519,O=C(NCC(c1ccccc1)c1ccccc1)c1cc(Br)ccc1O,10800.0
CHEMBL3217764,O=C(NCC(c1ccccc1)c1ccccc1)c1cccc(F)c1O,26100.0
CHEMBL3218520,O=C(NCC(c1ccccc1)c1ccccc1)c1ccc(F)c(F)c1O,9900.0
CHEMBL3218521,O=C(NCC(c1ccccc1)c1ccccc1)c1c(O)cccc1F,125000.0
CHEMBL3218522,Cc1ccc(O)c(C(=O)NCC(c2ccccc2)c2ccccc2)c1,14400.0
CHEMBL3218523,COc1cccc(C(=O)NCC(c2ccccc2)c2ccccc2)c1O,500000.0
CHEMBL3218524,COc1ccc(C(=O)NCC(c2ccccc2)c2ccccc2)c(O)c1,14000.0
CHEMBL3218525,COc1ccc(O)c(C(=O)NCC(c2ccccc2)c2ccccc2)c1,18100.0
CHEMBL3218526,COc1cccc(O)c1C(=O)NCC(c1ccccc1)c1ccccc1,125000.0
CHEMBL3218527,O=C(NCC(c1ccccc1)c1ccccc1)c1cccc(CO)c1O,100000.0
CHEMBL3218528,O=C(NCC(c1ccccc1)c1ccccc1)c1ccc(CO)cc1O,46200.0
CHEMBL3218529,O=C(NCC(c1ccccc1)c1ccccc1)c1cc(CO)ccc1O,8000.0
CHEMBL3218530,O=Cc1ccc(C(=O)NCC(c2ccccc2)c2ccccc2)c(O)c1,16500.0
CHEMBL3289671,Cc1cc(Nc2cc(F)c(C(F)(F)F)c(F)c2)n2nc(C(C)(F)F)nc2n1,20.0
CHEMBL3289672,Cc1cc(Nc2cc(F)c(C(F)(F)F)c(F)c2)n2nc(C(F)(F)F)nc2n1,22.0
CHEMBL3289670,Cc1cc(Nc2ccc(C(F)(F)F)c(F)c2)n2nc(C(C)(F)F)nc2n1,35.0
CHEMBL1235108,CC(=O)c1sc(Nc2ccccc2)nc1C,10000.0
CHEMBL3410570,CC(=O)c1sc(Nc2ccc(Br)cc2)nc1C,10000.0
CHEMBL3410571,CC(=O)c1sc(Nc2ccc(C(C)(C)C)cc2)nc1C,10000.0
CHEMBL3410572,CC(=O)c1sc(Nc2ccc(C)c(C)c2)nc1C,1489.0
CHEMBL3410573,CC(=O)c1sc(Nc2ccc(C)c(F)c2)nc1C,10000.0
CHEMBL3410574,CC(=O)c1sc(Nc2ccc(Cl)c(C(F)(F)F)c2)nc1C,4265.0
CHEMBL3410575,CC(=O)c1sc(Nc2ccc(Br)c(C(F)(F)F)c2)nc1C,10000.0
CHEMBL3410576,CC(=O)c1sc(Nc2ccc3ccccc3c2)nc1C,871.0
CHEMBL3410577,CC(=O)c1sc(Nc2ccc3cc4ccccc4cc3c2)nc1C,10000.0
CHEMBL1460972,CCOC(=O)c1sc(Nc2ccc(Br)cc2)nc1C,2452.0
CHEMBL3410578,CCOC(=O)c1sc(Nc2ccc(C)c(C)c2)nc1C,10000.0
CHEMBL3410579,CCOC(=O)c1sc(Nc2ccc(C)c(F)c2)nc1C,10000.0
CHEMBL3410580,CCOC(=O)c1sc(Nc2ccc(C)c(Cl)c2)nc1C,10000.0
CHEMBL3410581,CCOC(=O)c1sc(Nc2ccc3ccccc3c2)nc1C,10000.0
CHEMBL3410582,CCOC(=O)c1sc(Nc2ccc(C)c(C)c2)nc1N,10000.0
CHEMBL3410583,CCOC(=O)c1sc(Nc2ccc(Cl)c(C(F)(F)F)c2)nc1N,10000.0
CHEMBL3410584,CCOC(=O)c1sc(Nc2ccc(C)c(C)c2)nc1NC(=O)C1CC1,10000.0
CHEMBL3410585,CCOC(=O)c1sc(Nc2ccc(Cl)c(C(F)(F)F)c2)nc1NC(=O)C1CC1,10000.0
CHEMBL3410586,CCOC(=O)c1sc(Nc2ccc(C)c(C)c2)nc1NC(=O)c1ccccc1,10000.0
CHEMBL3410587,CCOC(=O)c1sc(Nc2ccc(Cl)c(C(F)(F)F)c2)nc1NC(=O)c1ccccc1,10000.0
CHEMBL3410588,CCOC(=O)c1sc(Nc2ccc(C)c(C)c2)nc1C1CC1,10000.0
CHEMBL3410589,CCOC(=O)c1sc(Nc2ccc(C)c(F)c2)nc1C1CC1,10000.0
CHEMBL3410590,CCOC(=O)c1sc(Nc2ccc(C)c(Cl)c2)nc1C1CC1,10000.0
CHEMBL3410591,CCOC(=O)c1sc(Nc2ccc(C)c(C)c2)nc1C(C)(C)C,10000.0
CHEMBL3410592,CCOC(=O)c1sc(Nc2ccc(C)c(F)c2)nc1C(C)(C)C,10000.0
CHEMBL3410593,CCOC(=O)c1sc(Nc2ccc(C)c(Cl)c2)nc1C(C)(C)C,10000.0
CHEMBL3410594,CCOC(=O)c1sc(Nc2ccc(C)c(C)c2)nc1-c1ccccc1,10000.0
CHEMBL3410595,CCOC(=O)c1sc(Nc2ccc(C)c(F)c2)nc1-c1ccccc1,10000.0
CHEMBL3410596,CCOC(=O)c1sc(Nc2ccc(C)c(Cl)c2)nc1-c1ccccc1,10000.0
CHEMBL3410597,CCOC(=O)c1sc(Nc2ccccc2)nc1-c1ccccc1,10000.0
CHEMBL3410598,CCOC(=O)c1sc(Nc2ccc(OC)cc2)nc1-c1ccccc1,10000.0
CHEMBL3410599,CCOC(=O)c1sc(Nc2ccc(Cl)cc2)nc1-c1ccccc1,10000.0
CHEMBL3410600,CCOC(=O)c1sc(Nc2ccc(C(F)(F)F)cc2)nc1-c1ccccc1,10000.0
CHEMBL3410601,CCOC(=O)c1sc(Nc2ccc(C(C)(C)C)cc2)nc1-c1ccccc1,10000.0
CHEMBL3410602,CCOC(=O)c1sc(Nc2ccc(Cl)c(C(F)(F)F)c2)nc1-c1ccccc1,10000.0
CHEMBL3410603,CCOC(=O)c1sc(Nc2ccc(Br)c(C(F)(F)F)c2)nc1-c1ccccc1,10000.0
CHEMBL3410604,CCOC(=O)c1sc(Nc2ccc(Cl)c(Cl)c2)nc1-c1ccccc1,10000.0
CHEMBL3410605,CCOC(=O)c1sc(Nc2cc(Cl)cc(Cl)c2)nc1-c1ccccc1,10000.0
CHEMBL3410606,CCOC(=O)c1sc(Nc2ccc(Br)cc2C)nc1-c1ccccc1,10000.0
CHEMBL3410607,CCOC(=O)c1sc(Nc2ccc3c(c2)CCC3)nc1-c1ccccc1,10000.0
CHEMBL3410608,CCOC(=O)c1sc(Nc2ccc3c(c2)OCO3)nc1-c1ccccc1,10000.0
CHEMBL3410609,CCOC(=O)c1sc(Nc2ccc3c(c2)CCCC3)nc1-c1ccccc1,10000.0
CHEMBL3410610,CCOC(=O)c1sc(Nc2ccc3ccccc3c2)nc1-c1ccccc1,10000.0
CHEMBL3410611,CCOC(=O)c1sc(Nc2ccc3cc4ccccc4cc3c2)nc1-c1ccccc1,10000.0
CHEMBL3410612,CCOC(=O)c1sc(Nc2ccc(-c3ccccc3)cc2)nc1-c1ccccc1,10000.0
CHEMBL3410613,CCOC(=O)c1sc(Nc2ccc(-c3cccc(OC)c3)cc2)nc1-c1ccccc1,10000.0
CHEMBL3410614,CCOC(=O)c1sc(Nc2ccc(-c3ccccc3)cc2F)nc1-c1ccccc1,10000.0
CHEMBL3410615,CCOC(=O)c1sc(Nc2ccc(-c3cccc(OC)c3)cc2F)nc1-c1ccccc1,10000.0
CHEMBL3410616,CCOC(=O)c1sc(Nc2c(F)cc(-c3cccc(OC)c3)cc2F)nc1-c1ccccc1,10000.0
CHEMBL3410617,CCOC(=O)c1sc(Nc2ccc(Oc3ccccc3)c(Cl)c2)nc1-c1ccccc1,10000.0
CHEMBL3410618,CCOC(=O)c1sc(Nc2ccc(OCc3ccccc3)c(Cl)c2)nc1-c1ccccc1,10000.0
CHEMBL3410619,CCOC(=O)c1sc(Nc2ccc(OCc3c(F)cccc3Cl)c(Cl)c2)nc1-c1ccccc1,10000.0
CHEMBL3690108,CCCNC(=O)c1ccc(-n2cccn2)s1,250000.0
CHEMBL3694239,Cc1nc2cc3c(cc2n1-c1ccc(C(=O)NC2CC2)s1)OCO3,116.0
CHEMBL3694251,Cc1ccccc1/C=C/c1cc(O)c2ccccc2n1,930.0
CHEMBL3690150,Cc1nc2ccccc2n1-c1cscc1C(=O)NC1CC1,30000.0
CHEMBL3694250,Fc1cc(I)ccc1Nc1ccnc2cc(Cl)ccc12,580.0
CHEMBL3690117,CCCNC(=O)c1ccc(N2Cc3cccc(OC)c3Oc3ncccc32)s1,30000.0
CHEMBL3690144,Cc1nc2cnccc2n1-c1ccc(C(=O)NC2CC2)s1,3084.0
CHEMBL3694233,c1ccc2oc(-c3ccc(-c4nc5ccccc5o4)s3)nc2c1,30000.0
CHEMBL3694247,Cc1nc2ccc(-c3ccccc3)cc2n1-c1ccc(C(=O)NC2CC2)s1,89.0
CHEMBL3690114,CCCNC(=O)c1ccc(N2CCOc3ccc(Cl)cc32)s1,7500.0
CHEMBL3690140,CCc1nc2cc(F)ccc2n1-c1ccc(C(=O)NC2CC2)s1,67.0
CHEMBL3694237,CCCC/C(=N/OC)c1ccc(-n2cnc3ccccc32)s1,30000.0
CHEMBL3690146,Cc1nc2ncccc2n1-c1ccc(C(=O)NC2CC2)s1,4766.0
CHEMBL3690145,Cc1nc2cccnc2n1-c1ccc(C(=O)NC2CC2)s1,1118.0
CHEMBL3690112,CCCNC(=O)c1ccc(N2CC(C)Sc3ccccc32)s1,19100.0
CHEMBL3690116,CCCNC(=O)c1ccc(N2CCSc3ncccc32)s1,13800.0
CHEMBL3690109,CCCNC(=O)c1ccc(N2CCN(C)CC2)s1,250000.0
CHEMBL3694246,Cc1nc2cc(-c3ccccc3)ccc2n1-c1ccc(C(=O)NC2CC2)s1,178.0
CHEMBL3694234,CCCCC(=O)c1ccc(-n2cnc3ccccc32)s1,30000.0
CHEMBL3694236,CCCCC(N=O)c1ccc(-n2cnc3ccccc32)s1,30000.0
CHEMBL3690133,CCNC(=O)c1ccc(-n2cnc3cc(Cl)ccc32)s1,56.0
CHEMBL3690107,CCCNC(=O)c1ccc(N2CCCCC2)s1,30000.0
CHEMBL3690126,CC[C@@H](C)NC(=O)c1ccc(-n2cnc3ccccc32)s1,30000.0
CHEMBL3694254,O=C(NC1CC1)c1ccc(N2CCSc3ccccc32)s1,250.0
CHEMBL3694242,Cc1nc2cc3ccccc3cc2n1-c1ccc(C(=O)NC2CC2)s1,35.0
CHEMBL3690123,COc1ccc2c(c1)nc(C)n2-c1ccc(C(=O)NC2CC2)s1,212.0
CHEMBL3694238,CCCC/C(=N\OC)c1ccc(-n2cnc3ccccc32)s1,30000.0
CHEMBL3690135,CCCc1nc2ccccc2n1-c1ccc(C(=O)NCC)s1,334.0
CHEMBL3690152,Cn1c(-c2ccc(C(=O)NC3CC3)s2)nc2ccccc21,30000.0
CHEMBL3690151,Cc1nc2ccccc2n1-c1cc(C(=O)NC2CC2)cs1,1700.0
CHEMBL3690111,CCCNC(=O)c1ccc(-n2c(C)nc3ccccc32)s1,170.0
CHEMBL3694252,CCCCCC1CCCc2c1nc1ccccc1c2O,340.0
CHEMBL3690154,c1ccc2[nH]c(-c3ccc(-c4nc5ccccc5[nH]4)s3)nc2c1,30000.0
CHEMBL3690138,CCNC(=O)c1ccc(-n2c(C)nc3cc(C)ccc32)s1,112.0
CHEMBL3694245,Cc1nc(-c2ccc(Cl)cc2)cn1-c1ccc(C(=O)NC2CC2)s1,252.0
CHEMBL3690153,O=C(NC1CC1)c1ccc(-c2nc3ccccc3o2)s1,30000.0
CHEMBL3694249,O=C(NC1CC1)c1ccc(-n2ncc3ccccc32)s1,30000.0
CHEMBL3690122,CC[C@H](C)NC(=O)c1ccc(-n2cnc3ccccc32)s1,17900.0
CHEMBL3690137,CCNC(=O)c1ccc(-n2cnc3cc(C)ccc32)s1,75.0
CHEMBL3690148,CCNC(=O)c1ccc(-n2cc(-c3ccccc3)nc2C)s1,416.0
CHEMBL3690147,Cc1nc(-c2ccccc2)cn1-c1ccc(C(=O)NC2CC2)s1,220.0
CHEMBL3690132,O=C(NC1CC1)c1ccc(-n2cnc3cc(Cl)ccc32)s1,166.0
CHEMBL3694248,O=C(NC1CC1)c1ccc(-n2nnc3ccccc32)s1,28000.0
CHEMBL3690125,O=C(c1ccc(-n2cnc3ccccc32)s1)N1CCC1,16500.0
CHEMBL3690141,CCNC(=O)c1ccc(-n2cnc3cc(F)ccc32)s1,105.0
CHEMBL600689,CCOC(=O)c1[nH]c(C)c(Cc2ccc(OCC)cc2)c1C,83.0
CHEMBL3690131,CCNC(=O)c1ccc(-n2c(C)nc3cc(F)ccc32)s1,164.0
CHEMBL3690136,Cc1ccc2c(c1)ncn2-c1ccc(C(=O)NC2CC2)s1,38.0
CHEMBL3694253,CCCNC(=O)c1ccc(-n2c(C)cc3ccccc32)s1,70.0
CHEMBL3690134,CCCNC(=O)c1ccc(-n2cnc3cc(Cl)ccc32)s1,324.0
CHEMBL3690121,O=C(c1ccc(-n2cnc3ccccc32)s1)N1CCCCC1,30000.0
CHEMBL3690124,Cc1nc2cc(F)ccc2n1-c1ccc(C(=O)NC2CC2)s1,88.0
CHEMBL3690104,CCCNC(=S)c1ccc(-n2ccc3ccccc32)s1,459.0
CHEMBL3690142,CCNC(=O)c1ccc(-n2c(CC)nc3cc(F)ccc32)s1,178.0
CHEMBL3690139,CCNC(=O)c1ccc(-n2c(CC)nc3ccccc32)s1,137.0
CHEMBL3690105,CCCNC(=O)c1ccc(N2CCOCC2)s1,250000.0
CHEMBL3690120,CCNC(=O)c1ccc(-n2c(C)nc3ccccc32)s1,191.0
CHEMBL3694243,Cc1nc2cc(OC(C)C)ccc2n1-c1ccc(C(=O)NC2CC2)s1,121.0
CHEMBL3694241,CCNC(=O)c1cccc(-n2c(C)nc3cc(F)ccc32)c1,30000.0
CHEMBL3690110,CCCNC(=O)c1ccc(-n2ccnc2)s1,165000.0
CHEMBL3694240,CCNC(=O)c1ccc(-n2c(C)nc3cc(F)ccc32)cc1,2870.0
CHEMBL3690115,CCCNC(=O)c1ccc(N2CCc3ccccc32)s1,30000.0
CHEMBL3690143,O=C(NC1CC1)c1ccc(-n2cnc3cc(F)ccc32)s1,58.0
CHEMBL3690106,CCCNC(=O)c1ccc(N2CCCC2)s1,250000.0
CHEMBL3690127,CCCN(C)C(=O)c1ccc(-n2cnc3ccccc32)s1,30000.0
CHEMBL3690113,CCCNC(=O)c1ccc(N2CCSc3ccccc32)s1,9200.0
CHEMBL3694232,Cn1c(-c2ccc(-c3nc4ccccc4n3C)s2)nc2ccccc21,30000.0
CHEMBL3694235,CCCCC(O)c1ccc(-n2cnc3ccccc32)s1,30000.0
CHEMBL3690130,CCNC(=O)c1ccc(-n2c(C)nc3cc(Cl)ccc32)s1,94.0
CHEMBL3690128,CCCNC(=O)c1ccc(-n2c(C)nc3cc(F)ccc32)s1,499.0
CHEMBL3690149,Cc1nc(-c2ccc(F)cc2)cn1-c1ccc(C(=O)NC2CC2)s1,240.0
CHEMBL3694244,Cc1nc2cc(F)c(F)cc2n1-c1ccc(C(=O)NC2CC2)s1,105.0
CHEMBL3690118,O=C(c1ccc(-n2cnc3ccccc32)s1)N1CCCC1,30000.0
CHEMBL3690119,O=C(NCCO)c1ccc(-n2cnc3ccccc32)s1,14000.0
CHEMBL3690129,CCCNC(=O)c1ccc(-n2c(C)nc3cc(Cl)ccc32)s1,239.0
CHEMBL3818535,Cc1cc(=O)n2nc(SCc3ccc(Cl)cc3)nc2[nH]1,1000.0
CHEMBL4464362,O=C(NCC(c1ccccc1)c1ccccc1)c1nonc1O,75000.0
CHEMBL4517934,O=C(NCC(c1ccccc1)c1ccccc1)c1nsnc1O,12000.0
CHEMBL4436588,O=C(NCc1ccccc1)c1nsnc1O,35000.0
CHEMBL4437588,Cn1cc(C(=O)NCC(c2ccccc2)c2ccccc2)c(O)n1,250000.0
CHEMBL4526067,Cc1c(C(=O)NCC(c2ccccc2)c2ccccc2)c(O)nn1C,250000.0
CHEMBL4457827,Cn1nc(O)c(C(=O)O)c1COc1ccccc1,19000.0
CHEMBL4514989,Cn1nc(O)c(C(=O)O)c1CNc1ccccc1,16000.0
CHEMBL4451149,CN(Cc1c(C(=O)O)c(O)nn1C)c1ccccc1,23000.0
CHEMBL4514633,Cn1nc(O)c(C(=O)O)c1CSc1ccccc1,25000.0
CHEMBL4458056,Cn1nc(O)c(C(=O)O)c1COc1cccc(C(F)(F)F)c1,2800.0
CHEMBL4539458,Cn1nc(O)c(C(=O)O)c1COc1ccc(C(F)(F)F)cc1,5300.0
CHEMBL4440085,CCOC(=O)c1c(O)nn(C)c1COc1ccccc1,250000.0
CHEMBL4544292,CCOc1nn(C)c(COc2ccccc2)c1C(=O)O,250000.0
CHEMBL4569109,Cn1nc(OCC2CC2)c(C(=O)O)c1COc1ccccc1,250000.0
CHEMBL4568957,Cn1nc(OCc2ccccc2)c(C(=O)O)c1COc1ccccc1,250000.0
CHEMBL4449622,Cn1nc(O)c(C(N)=O)c1COc1ccccc1,250000.0
CHEMBL4545127,Cc1cc(Nc2ccc(S(F)(F)(F)(F)F)c(F)c2)n2nc(C(C)(F)F)nc2n1,10.0
